Configuracion,Metodo_Seleccion,Metodo_Cruce,Metodo_Mutacion,Promedio_Mejor_Generacion,Desviacion_Generacion,Promedio_makespam,Desviacion_makespam,Promedio_promedios_tiempos,Desviacion_promedios_tiempos
3,seleccion_por_ranking,cruce_1_punto,mutacion_intercambio_por_etapa,230.5,64.25367291259404,1557.5727434860905,3.422044483299278,1558.1182252868152,3.3808331806983056
1,seleccion_por_ruleta,cruce_2_puntos,mutacion_intercambio_por_etapa,241.16666666666666,56.6794272312659,1563.3195276227584,4.2444679939818775,1563.9892061793812,3.7091079138242122
6,seleccion_por_ranking,cruce_1_punto,mutacion_intercambio_por_etapa,207.8,73.04292549944341,1557.1355390807016,3.95529066459399,1557.4527083525945,3.750732746430199
2,seleccion_por_torneo,cruce_2_puntos,mutacion_aleatoria,221.83333333333334,66.35125097349052,1570.0632341675757,3.723937877919359,1570.8390253981536,3.8214804787744745
3,seleccion_por_torneo,cruce_1_punto,mutacion_intercambio_por_etapa,240.83333333333334,48.16214233215741,1558.3394317434615,3.9236393514988706,1558.6399841492107,3.880941714164908
8,seleccion_por_ranking,cruce_2_puntos,mutacion_intercambio_por_etapa,226.5,69.50601561661084,1559.1200219555017,4.073214834594502,1559.5242661306,3.9623063141012658
10,seleccion_por_ruleta,cruce_1_punto,mutacion_intercambio_por_etapa,242.16666666666666,62.06175085783699,1555.7262137224438,4.1656036871909405,1556.1737086535259,4.184668933824074
5,seleccion_por_torneo,cruce_1_punto,mutacion_aleatoria,186.76666666666668,73.43102948995077,1570.0491772687924,4.605092666416449,1570.6206956743217,4.1979315436065345
9,seleccion_por_ranking,cruce_1_punto,mutacion_intercambio_por_etapa,228.36666666666667,64.76029186391034,1556.26677749618,3.9444331325637583,1556.8758873177255,4.20282089360891
3,seleccion_por_ruleta,cruce_1_punto,mutacion_intercambio_por_etapa,236.4,56.16269469908001,1557.2772751344921,4.521830104269849,1557.6919338998682,4.28650975473003
