variante,descripcion,prom_tiempo,std_tiempo,prom_score,std_score,prom_makespan,prom_balance,prom_energia,prom_tamano_frente
Memetico_sin_filtro_ni_busqueda,Memético base (≈NSGA2 estándar con cache y optimizaciones),21.874653895696003,3.86226836579887,2.6088504857099695,0.007865012454232117,1555.0537243968104,281.8246592080359,624.3356649726773,100.0
NSGA2_sin_filtro,NSGA2 sin filtro epsilon (base NSGA2),25.45287353992462,2.212473324096494,2.60885048570997,0.007865012454232117,1555.0537243968108,281.8246592080359,624.3356649726773,100.0
NSGA2_completo,NSGA2 completo (filtro epsilon + cruce uniforme + mutación swap),26.547956291834513,2.3774422551052106,2.6028614513061004,0.009853360597618883,1553.0008024141014,280.3714810172383,624.2526126957787,69.76666666666667
Memetico_sin_filtro,Memético sin filtro epsilon (solo búsqueda local),27.079964788754783,2.2665437587640533,2.611640087263668,0.007421833201382138,1555.0450817929755,282.69241133031113,624.2666560196338,100.0
Memetico_sin_busqueda_local,Memético sin búsqueda local (≈NSGA2 con cache y optimizaciones),30.044525678952535,2.1521891889392557,2.602912950822952,0.010670022759277364,1553.362803589393,280.3153356831087,624.2929677258583,70.13333333333334
Memetico_completo,Memético completo (filtro + búsqueda local + cache + optimizaciones),30.87512948513031,2.5138383274106038,2.6034277086760085,0.010858306028073628,1554.6547563410363,280.24041176383,624.3759372382399,68.06666666666666
